{
	"info": {
		"_postman_id": "30246a6e-6380-47b1-a60f-ab20f1f4fde5",
		"name": "VentaOnline",
		"schema": "https://schema.getpostman.com/json/collection/v2.1.0/collection.json",
		"_exporter_id": "37951922"
	},
	"item": [
		{
			"name": "User / Login",
			"item": [
				{
					"name": "Login",
					"event": [
						{
							"listen": "test",
							"script": {
								"exec": [
									"var data = JSON.parse(responseBody);\r",
									"postman.setGlobalVariable(\"token\", data.token)"
								],
								"type": "text/javascript",
								"packages": {}
							}
						}
					],
					"request": {
						"method": "POST",
						"header": [
							{
								"key": "Authorization",
								"value": "{{token}}",
								"type": "text"
							}
						],
						"body": {
							"mode": "urlencoded",
							"urlencoded": [
								{
									"key": "userLoggin",
									"value": "castillo06",
									"type": "text"
								},
								{
									"key": "password",
									"value": "Ak1723os21@",
									"type": "text"
								}
							]
						},
						"url": {
							"raw": "localhost:3616/login",
							"host": [
								"localhost"
							],
							"port": "3616",
							"path": [
								"login"
							]
						}
					},
					"response": []
				},
				{
					"name": "RegisterClient",
					"request": {
						"method": "POST",
						"header": [],
						"body": {
							"mode": "formdata",
							"formdata": [
								{
									"key": "name",
									"value": "Kevin",
									"type": "text"
								},
								{
									"key": "surname",
									"value": "Castillo",
									"type": "text"
								},
								{
									"key": "username",
									"value": "castillo06",
									"type": "text"
								},
								{
									"key": "email",
									"value": "castillo@gmail.com",
									"type": "text"
								},
								{
									"key": "password",
									"value": "Ak1723os21@",
									"type": "text"
								},
								{
									"key": "phone",
									"value": "55662211",
									"type": "text"
								}
							]
						},
						"url": {
							"raw": "http://localhost:3616/register",
							"protocol": "http",
							"host": [
								"localhost"
							],
							"port": "3616",
							"path": [
								"register"
							]
						}
					},
					"response": []
				},
				{
					"name": "RegisterAdmin",
					"request": {
						"method": "POST",
						"header": [],
						"body": {
							"mode": "formdata",
							"formdata": [
								{
									"key": "name",
									"value": "ADMIN",
									"type": "text"
								},
								{
									"key": "surname",
									"value": "admin",
									"type": "text"
								},
								{
									"key": "username",
									"value": "admin2025",
									"type": "text"
								},
								{
									"key": "email",
									"value": "admin@gmail.com",
									"type": "text"
								},
								{
									"key": "password",
									"value": "Ak1723os20@",
									"type": "text"
								},
								{
									"key": "phone",
									"value": "55662244",
									"type": "text"
								},
								{
									"key": "role",
									"value": "ADMIN",
									"type": "text"
								}
							]
						},
						"url": {
							"raw": "http://localhost:3616/register",
							"protocol": "http",
							"host": [
								"localhost"
							],
							"port": "3616",
							"path": [
								"register"
							]
						}
					},
					"response": []
				},
				{
					"name": "GetUsers",
					"request": {
						"method": "GET",
						"header": [
							{
								"key": "Authorization",
								"value": "{{token}}",
								"type": "text"
							}
						],
						"url": {
							"raw": "localhost:3616/v1/user/",
							"host": [
								"localhost"
							],
							"port": "3616",
							"path": [
								"v1",
								"user",
								""
							],
							"query": [
								{
									"key": "",
									"value": null,
									"disabled": true
								}
							]
						}
					},
					"response": []
				},
				{
					"name": "GetUserID",
					"request": {
						"method": "GET",
						"header": [
							{
								"key": "Authorization",
								"value": "",
								"type": "text"
							}
						],
						"url": {
							"raw": "localhost:3616/v1/user/67af5782939139b42d4f78d8",
							"host": [
								"localhost"
							],
							"port": "3616",
							"path": [
								"v1",
								"user",
								"67af5782939139b42d4f78d8"
							]
						}
					},
					"response": []
				},
				{
					"name": "UpdateUser",
					"request": {
						"method": "PUT",
						"header": [
							{
								"key": "Authorization",
								"value": "{{token}}",
								"type": "text"
							}
						],
						"body": {
							"mode": "urlencoded",
							"urlencoded": [
								{
									"key": "name",
									"value": "aña",
									"type": "text"
								},
								{
									"key": "surname",
									"value": "Castillo",
									"type": "text"
								},
								{
									"key": "email",
									"value": "ccastillo23@gmail.com",
									"type": "text"
								},
								{
									"key": "phone",
									"value": "77889944",
									"type": "text"
								}
							]
						},
						"url": {
							"raw": "localhost:3616/v1/user/update/67af7abd6da838830b002eb4",
							"host": [
								"localhost"
							],
							"port": "3616",
							"path": [
								"v1",
								"user",
								"update",
								"67af7abd6da838830b002eb4"
							]
						}
					},
					"response": []
				},
				{
					"name": "UpdateUserAdmin",
					"request": {
						"method": "PUT",
						"header": [
							{
								"key": "Authorization",
								"value": "{{token}}",
								"type": "text"
							}
						],
						"body": {
							"mode": "urlencoded",
							"urlencoded": [
								{
									"key": "name",
									"value": "aaaa",
									"type": "text"
								},
								{
									"key": "surname",
									"value": "aaaa",
									"type": "text"
								},
								{
									"key": "email",
									"value": "ccastillo23@gmail.com",
									"type": "text"
								},
								{
									"key": "phone",
									"value": "77889944",
									"type": "text"
								},
								{
									"key": "role",
									"value": "CLIENT",
									"type": "text"
								}
							]
						},
						"url": {
							"raw": "localhost:3616/v1/user/update2/67af58d3cdfeb23954bff390",
							"host": [
								"localhost"
							],
							"port": "3616",
							"path": [
								"v1",
								"user",
								"update2",
								"67af58d3cdfeb23954bff390"
							]
						}
					},
					"response": []
				},
				{
					"name": "UpdatePass",
					"request": {
						"method": "PUT",
						"header": [
							{
								"key": "Authorization",
								"value": "eyJhbGciOiJIUzI1NiIsInR5cCI6IkpXVCJ9.eyJ1aWQiOiI2N2FlYzBmYjkyYmIyNDVhNjliYjE4NTAiLCJuYW1lIjoiS2V2aW4gT21hciIsInVzZXJuYW1lIjoia2Nhc3RpbGxvMDYiLCJyb2xlIjoiQURNSU4iLCJpYXQiOjE3Mzk1Mzg4ODYsImV4cCI6MTczOTU0OTY4Nn0.YnMcqOvyUfNgvfZbtL3liR3-I_cFFv4mBeRz40wEzj0",
								"type": "text"
							}
						],
						"body": {
							"mode": "urlencoded",
							"urlencoded": [
								{
									"key": "currentPassword",
									"value": "Ak1723os23@",
									"type": "text"
								},
								{
									"key": "newPassword",
									"value": "Ak1723os22@",
									"type": "text"
								}
							]
						},
						"url": {
							"raw": "localhost:3616/v1/user/password/67aec25cf621a900520ce10e",
							"host": [
								"localhost"
							],
							"port": "3616",
							"path": [
								"v1",
								"user",
								"password",
								"67aec25cf621a900520ce10e"
							]
						}
					},
					"response": []
				},
				{
					"name": "DeleteUser",
					"request": {
						"method": "DELETE",
						"header": [
							{
								"key": "Authorization",
								"value": "{{token}}",
								"type": "text"
							}
						],
						"body": {
							"mode": "urlencoded",
							"urlencoded": [
								{
									"key": "email",
									"value": "ccastillo23@gmail.com",
									"type": "text"
								},
								{
									"key": "currentPassword",
									"value": "Ak1723os23@",
									"type": "text"
								}
							]
						},
						"url": {
							"raw": "localhost:3616/v1/user/delete/67af7abd6da838830b002eb4",
							"host": [
								"localhost"
							],
							"port": "3616",
							"path": [
								"v1",
								"user",
								"delete",
								"67af7abd6da838830b002eb4"
							]
						}
					},
					"response": []
				},
				{
					"name": "DeleteUserAdmin",
					"request": {
						"method": "DELETE",
						"header": [
							{
								"key": "Authorization",
								"value": "{{token}}",
								"type": "text"
							}
						],
						"url": {
							"raw": "localhost:3616/v1/user/delete2/67aec8862d70d334519ee68e",
							"host": [
								"localhost"
							],
							"port": "3616",
							"path": [
								"v1",
								"user",
								"delete2",
								"67aec8862d70d334519ee68e"
							]
						}
					},
					"response": []
				}
			]
		},
		{
			"name": "Category",
			"item": [
				{
					"name": "CreateCategory",
					"request": {
						"method": "POST",
						"header": [
							{
								"key": "Authorization",
								"value": "{{token}}",
								"type": "text"
							}
						],
						"body": {
							"mode": "urlencoded",
							"urlencoded": [
								{
									"key": "name",
									"value": "aaaa",
									"type": "text"
								},
								{
									"key": "description",
									"value": "1234",
									"type": "text"
								}
							]
						},
						"url": {
							"raw": "localhost:3616/v1/category",
							"host": [
								"localhost"
							],
							"port": "3616",
							"path": [
								"v1",
								"category"
							]
						}
					},
					"response": []
				},
				{
					"name": "ViewCategories",
					"request": {
						"method": "GET",
						"header": [
							{
								"key": "Authorization",
								"value": "{{token}}",
								"type": "text"
							}
						],
						"url": {
							"raw": "localhost:3616/v1/category",
							"host": [
								"localhost"
							],
							"port": "3616",
							"path": [
								"v1",
								"category"
							]
						}
					},
					"response": []
				},
				{
					"name": "GetCategoryID",
					"protocolProfileBehavior": {
						"disableBodyPruning": true
					},
					"request": {
						"method": "GET",
						"header": [
							{
								"key": "Authorization",
								"value": "eyJhbGciOiJIUzI1NiIsInR5cCI6IkpXVCJ9.eyJ1aWQiOiI2N2FlYzBmYjkyYmIyNDVhNjliYjE4NTAiLCJuYW1lIjoiS2V2aW4gT21hciIsInVzZXJuYW1lIjoia2Nhc3RpbGxvMDYiLCJyb2xlIjoiQURNSU4iLCJpYXQiOjE3Mzk1Mzg4ODYsImV4cCI6MTczOTU0OTY4Nn0.YnMcqOvyUfNgvfZbtL3liR3-I_cFFv4mBeRz40wEzj0",
								"type": "text"
							}
						],
						"body": {
							"mode": "urlencoded",
							"urlencoded": []
						},
						"url": {
							"raw": "localhost:3616/v1/category/67aec9752d70d334519ee692",
							"host": [
								"localhost"
							],
							"port": "3616",
							"path": [
								"v1",
								"category",
								"67aec9752d70d334519ee692"
							]
						}
					},
					"response": []
				},
				{
					"name": "UpdateCategory",
					"request": {
						"method": "PUT",
						"header": [
							{
								"key": "Authorization",
								"value": "eyJhbGciOiJIUzI1NiIsInR5cCI6IkpXVCJ9.eyJ1aWQiOiI2N2FlYzBmYjkyYmIyNDVhNjliYjE4NTAiLCJuYW1lIjoiS2V2aW4gT21hciIsInVzZXJuYW1lIjoia2Nhc3RpbGxvMDYiLCJyb2xlIjoiQURNSU4iLCJpYXQiOjE3Mzk1Mzg4ODYsImV4cCI6MTczOTU0OTY4Nn0.YnMcqOvyUfNgvfZbtL3liR3-I_cFFv4mBeRz40wEzj0",
								"type": "text"
							}
						],
						"body": {
							"mode": "urlencoded",
							"urlencoded": [
								{
									"key": "name",
									"value": "Belleza y Cuidado Personal",
									"type": "text"
								},
								{
									"key": "description",
									"value": "Productos de maquillaje, cuidado de la piel y accesorios de belleza.",
									"type": "text"
								}
							]
						},
						"url": {
							"raw": "localhost:3616/v1/category/67af58d3cdfeb23954bff390",
							"host": [
								"localhost"
							],
							"port": "3616",
							"path": [
								"v1",
								"category",
								"67af58d3cdfeb23954bff390"
							]
						}
					},
					"response": []
				},
				{
					"name": "DeleteCategory",
					"request": {
						"method": "DELETE",
						"header": [
							{
								"key": "Authorization",
								"value": "{{token}}",
								"type": "text"
							}
						],
						"url": {
							"raw": "localhost:3616/v1/category/67aeca1f2d70d334519ee699",
							"host": [
								"localhost"
							],
							"port": "3616",
							"path": [
								"v1",
								"category",
								"67aeca1f2d70d334519ee699"
							]
						}
					},
					"response": []
				}
			]
		},
		{
			"name": "Product",
			"item": [
				{
					"name": "CreateProduct",
					"request": {
						"method": "POST",
						"header": [
							{
								"key": "Authorization",
								"value": "{{token}}",
								"type": "text"
							}
						],
						"body": {
							"mode": "urlencoded",
							"urlencoded": [
								{
									"key": "name",
									"value": "Fortnite",
									"type": "text"
								},
								{
									"key": "description",
									"value": "fortinaiti y la babagi",
									"type": "text"
								},
								{
									"key": "price",
									"value": "1200",
									"type": "text"
								},
								{
									"key": "stock",
									"value": "3",
									"type": "text"
								},
								{
									"key": "category",
									"value": "67aeca302d70d334519ee69c",
									"type": "text"
								}
							]
						},
						"url": {
							"raw": "localhost:3616/v1/product",
							"host": [
								"localhost"
							],
							"port": "3616",
							"path": [
								"v1",
								"product"
							]
						}
					},
					"response": []
				},
				{
					"name": "GetProducts",
					"request": {
						"method": "GET",
						"header": [
							{
								"key": "Authorization",
								"value": "{{token}}",
								"type": "text"
							}
						],
						"url": {
							"raw": "localhost:3616/v1/product",
							"host": [
								"localhost"
							],
							"port": "3616",
							"path": [
								"v1",
								"product"
							]
						}
					},
					"response": []
				},
				{
					"name": "GetProductsID",
					"protocolProfileBehavior": {
						"disableBodyPruning": true
					},
					"request": {
						"method": "GET",
						"header": [
							{
								"key": "Authorization",
								"value": "{{token}}",
								"type": "text"
							}
						],
						"body": {
							"mode": "urlencoded",
							"urlencoded": []
						},
						"url": {
							"raw": "localhost:3616/v1/product/67c1248d5c315df0115360f1",
							"host": [
								"localhost"
							],
							"port": "3616",
							"path": [
								"v1",
								"product",
								"67c1248d5c315df0115360f1"
							]
						}
					},
					"response": []
				},
				{
					"name": "GetOutOfStock",
					"protocolProfileBehavior": {
						"disableBodyPruning": true
					},
					"request": {
						"method": "GET",
						"header": [
							{
								"key": "Authorization",
								"value": "{{token}}",
								"type": "text"
							}
						],
						"body": {
							"mode": "urlencoded",
							"urlencoded": []
						},
						"url": {
							"raw": "localhost:3616/v1/out-of-stock",
							"host": [
								"localhost"
							],
							"port": "3616",
							"path": [
								"v1",
								"out-of-stock"
							]
						}
					},
					"response": []
				},
				{
					"name": "GetTopSellers",
					"protocolProfileBehavior": {
						"disableBodyPruning": true
					},
					"request": {
						"method": "GET",
						"header": [
							{
								"key": "Authorization",
								"value": "{{token}}",
								"type": "text"
							}
						],
						"body": {
							"mode": "urlencoded",
							"urlencoded": []
						},
						"url": {
							"raw": "localhost:3616/v1/top-sellers",
							"host": [
								"localhost"
							],
							"port": "3616",
							"path": [
								"v1",
								"top-sellers"
							]
						}
					},
					"response": []
				},
				{
					"name": "UpdateProduct",
					"request": {
						"method": "PUT",
						"header": [
							{
								"key": "Authorization",
								"value": "{{token}}",
								"type": "text"
							}
						],
						"body": {
							"mode": "urlencoded",
							"urlencoded": [
								{
									"key": "name",
									"value": "FIFITA",
									"type": "text"
								},
								{
									"key": "description",
									"value": "cr7 siuuuuuuuu",
									"type": "text"
								},
								{
									"key": "price",
									"value": "3000",
									"type": "text"
								},
								{
									"key": "stock",
									"value": "7",
									"type": "text"
								},
								{
									"key": "category",
									"value": "67aeca1f2d70d334519ee699",
									"type": "text"
								}
							]
						},
						"url": {
							"raw": "localhost:3616/v1/product/update/67c1248d5c315df0115360f1",
							"host": [
								"localhost"
							],
							"port": "3616",
							"path": [
								"v1",
								"product",
								"update",
								"67c1248d5c315df0115360f1"
							]
						}
					},
					"response": []
				},
				{
					"name": "DeleteProduct",
					"request": {
						"method": "DELETE",
						"header": [
							{
								"key": "Authorization",
								"value": "{{token}}",
								"type": "text"
							}
						],
						"body": {
							"mode": "urlencoded",
							"urlencoded": []
						},
						"url": {
							"raw": "localhost:3616/v1/product/delete/67c1302da70d036fa370909d",
							"host": [
								"localhost"
							],
							"port": "3616",
							"path": [
								"v1",
								"product",
								"delete",
								"67c1302da70d036fa370909d"
							]
						}
					},
					"response": []
				},
				{
					"name": "GetProductsByCategory",
					"request": {
						"method": "GET",
						"header": [
							{
								"key": "Authorization",
								"value": "{{token}}",
								"type": "text"
							}
						],
						"url": {
							"raw": "localhost:3616/v1/product/category/67c1317dff0e5622de83a7a6",
							"host": [
								"localhost"
							],
							"port": "3616",
							"path": [
								"v1",
								"product",
								"category",
								"67c1317dff0e5622de83a7a6"
							]
						}
					},
					"response": []
				}
			]
		},
		{
			"name": "Cart",
			"item": [
				{
					"name": "AddToCart",
					"request": {
						"method": "POST",
						"header": [
							{
								"key": "Authorization",
								"value": "{{token}}",
								"type": "text"
							}
						],
						"body": {
							"mode": "urlencoded",
							"urlencoded": [
								{
									"key": "productId",
									"value": "67c1248d5c315df0115360f1",
									"type": "text"
								},
								{
									"key": "quantity",
									"value": "1",
									"type": "text"
								}
							]
						},
						"url": {
							"raw": "localhost:3616/v1/cart",
							"host": [
								"localhost"
							],
							"port": "3616",
							"path": [
								"v1",
								"cart"
							]
						}
					},
					"response": []
				},
				{
					"name": "GetCart",
					"request": {
						"method": "GET",
						"header": [
							{
								"key": "Authorization",
								"value": "{{token}}",
								"type": "text"
							}
						],
						"url": {
							"raw": "localhost:3616/v1/cart",
							"host": [
								"localhost"
							],
							"port": "3616",
							"path": [
								"v1",
								"cart"
							]
						}
					},
					"response": []
				},
				{
					"name": "RemoveFromCart",
					"request": {
						"method": "DELETE",
						"header": [
							{
								"key": "Authorization",
								"value": "{{token}}",
								"type": "text"
							}
						],
						"url": {
							"raw": "localhost:3616/v1/cart/remove/67c131e4be8560df5e734c71",
							"host": [
								"localhost"
							],
							"port": "3616",
							"path": [
								"v1",
								"cart",
								"remove",
								"67c131e4be8560df5e734c71"
							]
						}
					},
					"response": []
				},
				{
					"name": "ClearCart",
					"request": {
						"method": "DELETE",
						"header": [
							{
								"key": "Authorization",
								"value": "{{token}}",
								"type": "text"
							}
						],
						"url": {
							"raw": "localhost:3616/v1/cart/clear",
							"host": [
								"localhost"
							],
							"port": "3616",
							"path": [
								"v1",
								"cart",
								"clear"
							]
						}
					},
					"response": []
				}
			]
		},
		{
			"name": "Invoice",
			"item": [
				{
					"name": "CreateInvoice",
					"request": {
						"method": "POST",
						"header": [
							{
								"key": "Authorization",
								"value": "{{token}}",
								"type": "text"
							}
						],
						"body": {
							"mode": "urlencoded",
							"urlencoded": [
								{
									"key": "cartId",
									"value": "67c13bc6278bbdea9d839a7c",
									"type": "text"
								}
							]
						},
						"url": {
							"raw": "localhost:3616/v1/invoice",
							"host": [
								"localhost"
							],
							"port": "3616",
							"path": [
								"v1",
								"invoice"
							]
						}
					},
					"response": []
				},
				{
					"name": "GetInvoices",
					"request": {
						"method": "GET",
						"header": [
							{
								"key": "Authorization",
								"value": "{{token}}",
								"type": "text"
							}
						],
						"url": {
							"raw": "localhost:3616/v1/invoice",
							"host": [
								"localhost"
							],
							"port": "3616",
							"path": [
								"v1",
								"invoice"
							]
						}
					},
					"response": []
				},
				{
					"name": "GetInvoiceID",
					"request": {
						"method": "GET",
						"header": [
							{
								"key": "Authorization",
								"value": "{{token}}",
								"type": "text"
							}
						],
						"url": {
							"raw": "localhost:3616/v1/invoice/67c1cd5ee70b9182cd456b16",
							"host": [
								"localhost"
							],
							"port": "3616",
							"path": [
								"v1",
								"invoice",
								"67c1cd5ee70b9182cd456b16"
							]
						}
					},
					"response": []
				},
				{
					"name": "GetInvoiceUser",
					"request": {
						"method": "GET",
						"header": [
							{
								"key": "Authorization",
								"value": "{{token}}",
								"type": "text"
							}
						],
						"url": {
							"raw": "localhost:3616/v1/invoice/user",
							"host": [
								"localhost"
							],
							"port": "3616",
							"path": [
								"v1",
								"invoice",
								"user"
							]
						}
					},
					"response": []
				},
				{
					"name": "UpdateInvoice",
					"request": {
						"method": "PUT",
						"header": [
							{
								"key": "Authorization",
								"value": "{{token}}",
								"type": "text"
							}
						],
						"body": {
							"mode": "urlencoded",
							"urlencoded": [
								{
									"key": "status",
									"value": "Pending",
									"type": "text"
								}
							]
						},
						"url": {
							"raw": "localhost:3616/v1/invoice/update/67c53778f2b34266cc222e2b",
							"host": [
								"localhost"
							],
							"port": "3616",
							"path": [
								"v1",
								"invoice",
								"update",
								"67c53778f2b34266cc222e2b"
							]
						}
					},
					"response": []
				}
			]
		},
		{
			"name": "Client",
			"item": [
				{
					"name": "Login",
					"event": [
						{
							"listen": "test",
							"script": {
								"exec": [
									"var data = JSON.parse(responseBody);\r",
									"postman.setGlobalVariable(\"token\", data.token)"
								],
								"type": "text/javascript",
								"packages": {}
							}
						}
					],
					"request": {
						"method": "POST",
						"header": [
							{
								"key": "Authorization",
								"value": "{{token}}",
								"type": "text"
							}
						],
						"body": {
							"mode": "urlencoded",
							"urlencoded": [
								{
									"key": "userLoggin",
									"value": "castillo06",
									"type": "text"
								},
								{
									"key": "password",
									"value": "Ak1723os21@",
									"type": "text"
								}
							]
						},
						"url": {
							"raw": "localhost:3616/login",
							"host": [
								"localhost"
							],
							"port": "3616",
							"path": [
								"login"
							]
						}
					},
					"response": []
				},
				{
					"name": "Register",
					"request": {
						"method": "POST",
						"header": [],
						"body": {
							"mode": "formdata",
							"formdata": [
								{
									"key": "name",
									"value": "Kevin",
									"type": "text"
								},
								{
									"key": "surname",
									"value": "Castillo",
									"type": "text"
								},
								{
									"key": "username",
									"value": "castillo06",
									"type": "text"
								},
								{
									"key": "email",
									"value": "castillo@gmail.com",
									"type": "text"
								},
								{
									"key": "password",
									"value": "Ak1723os21@",
									"type": "text"
								},
								{
									"key": "phone",
									"value": "55662211",
									"type": "text"
								}
							]
						},
						"url": {
							"raw": "http://localhost:3616/register",
							"protocol": "http",
							"host": [
								"localhost"
							],
							"port": "3616",
							"path": [
								"register"
							]
						}
					},
					"response": []
				},
				{
					"name": "ViewCategories",
					"request": {
						"method": "GET",
						"header": [
							{
								"key": "Authorization",
								"value": "{{token}}",
								"type": "text"
							}
						],
						"url": {
							"raw": "localhost:3616/v1/category",
							"host": [
								"localhost"
							],
							"port": "3616",
							"path": [
								"v1",
								"category"
							]
						}
					},
					"response": []
				},
				{
					"name": "ViewProducts",
					"request": {
						"method": "GET",
						"header": [
							{
								"key": "Authorization",
								"value": "{{token}}",
								"type": "text"
							}
						],
						"url": {
							"raw": "localhost:3616/v1/product",
							"host": [
								"localhost"
							],
							"port": "3616",
							"path": [
								"v1",
								"product"
							]
						}
					},
					"response": []
				},
				{
					"name": "ViewProductByName",
					"request": {
						"method": "POST",
						"header": [
							{
								"key": "Authorization",
								"value": "{{token}}",
								"type": "text"
							}
						],
						"body": {
							"mode": "urlencoded",
							"urlencoded": [
								{
									"key": "name",
									"value": "Fortnite",
									"type": "text"
								}
							]
						},
						"url": {
							"raw": "localhost:3616/v1/product/search",
							"host": [
								"localhost"
							],
							"port": "3616",
							"path": [
								"v1",
								"product",
								"search"
							]
						}
					},
					"response": []
				},
				{
					"name": "ViewProductID",
					"protocolProfileBehavior": {
						"disableBodyPruning": true
					},
					"request": {
						"method": "GET",
						"header": [
							{
								"key": "Authorization",
								"value": "{{token}}",
								"type": "text"
							}
						],
						"body": {
							"mode": "urlencoded",
							"urlencoded": []
						},
						"url": {
							"raw": "localhost:3616/v1/product/67c1248d5c315df0115360f1",
							"host": [
								"localhost"
							],
							"port": "3616",
							"path": [
								"v1",
								"product",
								"67c1248d5c315df0115360f1"
							]
						}
					},
					"response": []
				},
				{
					"name": "ViewProductsByCategory",
					"request": {
						"method": "GET",
						"header": [
							{
								"key": "Authorization",
								"value": "{{token}}",
								"type": "text"
							}
						],
						"url": {
							"raw": "localhost:3616/v1/product/category/67c1317dff0e5622de83a7a6",
							"host": [
								"localhost"
							],
							"port": "3616",
							"path": [
								"v1",
								"product",
								"category",
								"67c1317dff0e5622de83a7a6"
							]
						}
					},
					"response": []
				},
				{
					"name": "ViewOutOfStock",
					"protocolProfileBehavior": {
						"disableBodyPruning": true
					},
					"request": {
						"method": "GET",
						"header": [
							{
								"key": "Authorization",
								"value": "{{token}}",
								"type": "text"
							}
						],
						"body": {
							"mode": "urlencoded",
							"urlencoded": []
						},
						"url": {
							"raw": "localhost:3616/v1/product/out-of-stock",
							"host": [
								"localhost"
							],
							"port": "3616",
							"path": [
								"v1",
								"product",
								"out-of-stock"
							]
						}
					},
					"response": []
				},
				{
					"name": "ViewTopSellers",
					"protocolProfileBehavior": {
						"disableBodyPruning": true
					},
					"request": {
						"method": "GET",
						"header": [
							{
								"key": "Authorization",
								"value": "{{token}}",
								"type": "text"
							}
						],
						"body": {
							"mode": "urlencoded",
							"urlencoded": []
						},
						"url": {
							"raw": "localhost:3616/v1/product/top-sellers",
							"host": [
								"localhost"
							],
							"port": "3616",
							"path": [
								"v1",
								"product",
								"top-sellers"
							]
						}
					},
					"response": []
				},
				{
					"name": "AddToCart",
					"request": {
						"method": "POST",
						"header": [
							{
								"key": "Authorization",
								"value": "{{token}}",
								"type": "text"
							}
						],
						"body": {
							"mode": "urlencoded",
							"urlencoded": [
								{
									"key": "productId",
									"value": "67c1248d5c315df0115360f1",
									"type": "text"
								},
								{
									"key": "quantity",
									"value": "1",
									"type": "text"
								}
							]
						},
						"url": {
							"raw": "localhost:3616/v1/cart",
							"host": [
								"localhost"
							],
							"port": "3616",
							"path": [
								"v1",
								"cart"
							]
						}
					},
					"response": []
				},
				{
					"name": "GetCart",
					"request": {
						"method": "GET",
						"header": [
							{
								"key": "Authorization",
								"value": "{{token}}",
								"type": "text"
							}
						],
						"url": {
							"raw": "localhost:3616/v1/cart",
							"host": [
								"localhost"
							],
							"port": "3616",
							"path": [
								"v1",
								"cart"
							]
						}
					},
					"response": []
				},
				{
					"name": "ClearCart",
					"request": {
						"method": "DELETE",
						"header": [
							{
								"key": "Authorization",
								"value": "{{token}}",
								"type": "text"
							}
						],
						"url": {
							"raw": "localhost:3616/v1/cart/clear",
							"host": [
								"localhost"
							],
							"port": "3616",
							"path": [
								"v1",
								"cart",
								"clear"
							]
						}
					},
					"response": []
				},
				{
					"name": "RemoveFromCart",
					"request": {
						"method": "DELETE",
						"header": [
							{
								"key": "Authorization",
								"value": "{{token}}",
								"type": "text"
							}
						],
						"url": {
							"raw": "localhost:3616/v1/cart/remove/67c131e4be8560df5e734c71",
							"host": [
								"localhost"
							],
							"port": "3616",
							"path": [
								"v1",
								"cart",
								"remove",
								"67c131e4be8560df5e734c71"
							]
						}
					},
					"response": []
				},
				{
					"name": "Payment/Invoice",
					"request": {
						"method": "POST",
						"header": [
							{
								"key": "Authorization",
								"value": "{{token}}",
								"type": "text"
							}
						],
						"body": {
							"mode": "urlencoded",
							"urlencoded": [
								{
									"key": "cartId",
									"value": "67c13bc6278bbdea9d839a7c",
									"type": "text"
								}
							]
						},
						"url": {
							"raw": "localhost:3616/v1/invoice",
							"host": [
								"localhost"
							],
							"port": "3616",
							"path": [
								"v1",
								"invoice"
							]
						}
					},
					"response": []
				},
				{
					"name": "InvoicesUser",
					"request": {
						"method": "GET",
						"header": [
							{
								"key": "Authorization",
								"value": "{{token}}",
								"type": "text"
							}
						],
						"url": {
							"raw": "localhost:3616/v1/invoice/user",
							"host": [
								"localhost"
							],
							"port": "3616",
							"path": [
								"v1",
								"invoice",
								"user"
							]
						}
					},
					"response": []
				},
				{
					"name": "UpdateUser",
					"request": {
						"method": "PUT",
						"header": [
							{
								"key": "Authorization",
								"value": "{{token}}",
								"type": "text"
							}
						],
						"body": {
							"mode": "urlencoded",
							"urlencoded": [
								{
									"key": "name",
									"value": "aña",
									"type": "text"
								},
								{
									"key": "surname",
									"value": "Castillo",
									"type": "text"
								},
								{
									"key": "email",
									"value": "ccastillo23@gmail.com",
									"type": "text"
								},
								{
									"key": "phone",
									"value": "77889944",
									"type": "text"
								}
							]
						},
						"url": {
							"raw": "localhost:3616/v1/user/update/67af7abd6da838830b002eb4",
							"host": [
								"localhost"
							],
							"port": "3616",
							"path": [
								"v1",
								"user",
								"update",
								"67af7abd6da838830b002eb4"
							]
						}
					},
					"response": []
				},
				{
					"name": "UpdatePass",
					"request": {
						"method": "PUT",
						"header": [
							{
								"key": "Authorization",
								"value": "eyJhbGciOiJIUzI1NiIsInR5cCI6IkpXVCJ9.eyJ1aWQiOiI2N2FlYzBmYjkyYmIyNDVhNjliYjE4NTAiLCJuYW1lIjoiS2V2aW4gT21hciIsInVzZXJuYW1lIjoia2Nhc3RpbGxvMDYiLCJyb2xlIjoiQURNSU4iLCJpYXQiOjE3Mzk1Mzg4ODYsImV4cCI6MTczOTU0OTY4Nn0.YnMcqOvyUfNgvfZbtL3liR3-I_cFFv4mBeRz40wEzj0",
								"type": "text"
							}
						],
						"body": {
							"mode": "urlencoded",
							"urlencoded": [
								{
									"key": "currentPassword",
									"value": "Ak1723os23@",
									"type": "text"
								},
								{
									"key": "newPassword",
									"value": "Ak1723os22@",
									"type": "text"
								}
							]
						},
						"url": {
							"raw": "localhost:3616/v1/user/password/67aec25cf621a900520ce10e",
							"host": [
								"localhost"
							],
							"port": "3616",
							"path": [
								"v1",
								"user",
								"password",
								"67aec25cf621a900520ce10e"
							]
						}
					},
					"response": []
				},
				{
					"name": "DeleteUser",
					"request": {
						"method": "DELETE",
						"header": [
							{
								"key": "Authorization",
								"value": "{{token}}",
								"type": "text"
							}
						],
						"body": {
							"mode": "urlencoded",
							"urlencoded": [
								{
									"key": "email",
									"value": "ccastillo23@gmail.com",
									"type": "text"
								},
								{
									"key": "currentPassword",
									"value": "Ak1723os23@",
									"type": "text"
								}
							]
						},
						"url": {
							"raw": "localhost:3616/v1/user/delete/67af7abd6da838830b002eb4",
							"host": [
								"localhost"
							],
							"port": "3616",
							"path": [
								"v1",
								"user",
								"delete",
								"67af7abd6da838830b002eb4"
							]
						}
					},
					"response": []
				}
			]
		}
	]
}